filename,run_time_seconds
001_NAB_id_1_Facility_tr_1007_1st_2014.csv,0.014244318008422852
002_NAB_id_2_WebService_tr_1500_1st_4106.csv,0.016744613647460938
003_NAB_id_3_WebService_tr_1362_1st_1462.csv,0.039121150970458984
004_NAB_id_4_Facility_tr_1007_1st_1437.csv,0.014081239700317383
005_NAB_id_5_Traffic_tr_594_1st_1645.csv,0.013277292251586914
006_NAB_id_6_Traffic_tr_2579_1st_5839.csv,0.026216506958007812
007_NAB_id_7_Traffic_tr_624_1st_2087.csv,0.013952493667602539
008_NAB_id_8_Synthetic_tr_1007_1st_2734.csv,0.013874053955078125
009_NAB_id_9_Traffic_tr_500_1st_438.csv,0.013418912887573242
010_NAB_id_10_WebService_tr_500_1st_271.csv,0.012326955795288086
011_NAB_id_11_Facility_tr_1007_1st_1526.csv,0.01427769660949707
012_NAB_id_12_Synthetic_tr_1007_1st_2787.csv,0.013992547988891602
013_NAB_id_13_Traffic_tr_623_1st_2084.csv,0.013487815856933594
014_NAB_id_14_WebService_tr_500_1st_1045.csv,0.012891769409179688
015_NAB_id_15_Synthetic_tr_1007_1st_2787.csv,0.014512300491333008
016_NAB_id_16_Environment_tr_1816_1st_3540.csv,0.024737119674682617
017_NAB_id_17_Synthetic_tr_1007_1st_1805.csv,0.014041662216186523
018_NAB_id_18_Facility_tr_500_1st_669.csv,0.013559579849243164
019_NAB_id_19_Facility_tr_1007_1st_1171.csv,0.01406097412109375
020_NAB_id_20_Synthetic_tr_1007_1st_2679.csv,0.01397252082824707
021_NAB_id_21_WebService_tr_500_1st_565.csv,0.012922048568725586
022_NAB_id_22_Facility_tr_1007_1st_2980.csv,0.014070272445678711
023_NAB_id_23_Facility_tr_4512_1st_16551.csv,0.03901791572570801
024_NAB_id_24_Synthetic_tr_1007_1st_2787.csv,0.014250993728637695
025_NAB_id_25_WebService_tr_3958_1st_4614.csv,0.037368059158325195
026_NAB_id_26_Traffic_tr_624_1st_2261.csv,0.013329029083251953
027_NAB_id_27_Facility_tr_757_1st_2582.csv,0.013673543930053711
028_NAB_id_28_Facility_tr_1007_1st_3447.csv,0.03719925880432129
029_WSD_id_1_WebService_tr_4559_1st_10201.csv,0.23054027557373047
030_WSD_id_2_WebService_tr_4499_1st_4599.csv,0.03997921943664551
031_WSD_id_3_WebService_tr_826_1st_926.csv,0.05267596244812012
032_WSD_id_4_WebService_tr_4559_1st_11822.csv,0.024929285049438477
033_WSD_id_5_WebService_tr_4559_1st_12588.csv,0.03834700584411621
034_WSD_id_6_WebService_tr_4559_1st_8461.csv,0.03813982009887695
035_WSD_id_7_WebService_tr_4555_1st_11911.csv,0.03891158103942871
036_WSD_id_8_WebService_tr_4504_1st_6898.csv,0.03871345520019531
037_WSD_id_9_WebService_tr_4583_1st_6214.csv,0.03917694091796875
038_WSD_id_10_WebService_tr_4042_1st_4142.csv,0.038796186447143555
039_WSD_id_11_WebService_tr_1746_1st_1846.csv,0.04943132400512695
040_WSD_id_12_WebService_tr_4559_1st_9714.csv,0.038103580474853516
041_WSD_id_13_WebService_tr_4296_1st_5196.csv,0.037975311279296875
042_WSD_id_14_WebService_tr_3015_1st_3115.csv,0.050321102142333984
043_WSD_id_15_WebService_tr_4521_1st_6828.csv,0.038770437240600586
044_WSD_id_16_WebService_tr_4559_1st_6975.csv,0.03810930252075195
045_WSD_id_17_WebService_tr_2566_1st_2666.csv,0.048719167709350586
046_WSD_id_18_WebService_tr_2357_1st_2457.csv,0.05142331123352051
047_WSD_id_19_WebService_tr_4559_1st_16362.csv,0.03807187080383301
048_WSD_id_20_WebService_tr_4559_1st_11813.csv,0.04010367393493652
049_WSD_id_21_WebService_tr_4297_1st_7097.csv,0.03794240951538086
050_WSD_id_22_WebService_tr_4559_1st_12816.csv,0.038114070892333984
051_WSD_id_23_WebService_tr_3919_1st_5154.csv,0.037221670150756836
052_WSD_id_24_WebService_tr_4559_1st_9102.csv,0.03827691078186035
053_WSD_id_25_WebService_tr_4559_1st_9198.csv,0.038161516189575195
054_WSD_id_26_WebService_tr_2409_1st_2509.csv,0.05028390884399414
055_WSD_id_27_WebService_tr_3768_1st_3868.csv,0.041535377502441406
056_WSD_id_28_WebService_tr_4559_1st_9689.csv,0.03861808776855469
057_WSD_id_29_WebService_tr_2229_1st_2329.csv,0.04842996597290039
058_WSD_id_30_WebService_tr_1136_1st_1236.csv,0.04901385307312012
059_WSD_id_31_WebService_tr_4559_1st_9058.csv,0.03810381889343262
060_WSD_id_32_WebService_tr_4576_1st_4766.csv,0.03820919990539551
061_WSD_id_33_WebService_tr_4559_1st_9722.csv,0.039606571197509766
062_WSD_id_34_WebService_tr_3371_1st_3471.csv,0.03941226005554199
063_WSD_id_35_WebService_tr_2290_1st_2390.csv,0.05051827430725098
064_WSD_id_36_WebService_tr_4559_1st_10195.csv,0.038388729095458984
065_WSD_id_37_WebService_tr_3451_1st_3551.csv,0.040445566177368164
066_WSD_id_38_WebService_tr_3320_1st_3420.csv,0.0477907657623291
067_WSD_id_39_WebService_tr_4559_1st_13973.csv,0.037938594818115234
068_WSD_id_40_WebService_tr_4549_1st_13322.csv,0.03844761848449707
069_WSD_id_41_WebService_tr_4548_1st_13988.csv,0.03797030448913574
070_WSD_id_42_WebService_tr_2102_1st_2202.csv,0.02790999412536621
071_WSD_id_43_WebService_tr_3387_1st_3487.csv,0.03894400596618652
072_WSD_id_44_WebService_tr_1691_1st_1791.csv,0.036415815353393555
073_WSD_id_45_WebService_tr_3392_1st_3492.csv,0.03741002082824707
074_WSD_id_46_WebService_tr_990_1st_1090.csv,0.05066800117492676
075_WSD_id_47_WebService_tr_3296_1st_3468.csv,0.02801370620727539
076_WSD_id_48_WebService_tr_3821_1st_7083.csv,0.03697800636291504
077_WSD_id_49_WebService_tr_3310_1st_3716.csv,0.028107404708862305
078_WSD_id_50_WebService_tr_2449_1st_2549.csv,0.049933433532714844
079_WSD_id_51_WebService_tr_4559_1st_10672.csv,0.038292646408081055
080_WSD_id_52_WebService_tr_1538_1st_1638.csv,0.04897356033325195
081_WSD_id_53_WebService_tr_4559_1st_8448.csv,0.0387578010559082
082_WSD_id_54_WebService_tr_4437_1st_4805.csv,0.038007497787475586
083_WSD_id_55_WebService_tr_4599_1st_4863.csv,0.038279056549072266
084_WSD_id_56_WebService_tr_4559_1st_9616.csv,0.038843393325805664
085_WSD_id_57_WebService_tr_780_1st_880.csv,0.03894495964050293
086_WSD_id_58_WebService_tr_4436_1st_9529.csv,0.04033064842224121
087_WSD_id_59_WebService_tr_4559_1st_12600.csv,0.038248538970947266
088_WSD_id_60_WebService_tr_4548_1st_5596.csv,0.038758277893066406
089_WSD_id_61_WebService_tr_1010_1st_1110.csv,0.05042219161987305
090_WSD_id_62_WebService_tr_2281_1st_2381.csv,0.03679394721984863
091_WSD_id_63_WebService_tr_500_1st_363.csv,0.05085897445678711
092_WSD_id_64_WebService_tr_500_1st_118.csv,0.04981422424316406
093_WSD_id_65_WebService_tr_1125_1st_1225.csv,0.050859928131103516
094_WSD_id_66_WebService_tr_3309_1st_3914.csv,0.028525590896606445
095_WSD_id_67_WebService_tr_2182_1st_2282.csv,0.04858732223510742
096_WSD_id_68_WebService_tr_1341_1st_1441.csv,0.029946327209472656
097_WSD_id_69_WebService_tr_4520_1st_6465.csv,0.03959918022155762
098_WSD_id_70_WebService_tr_3575_1st_3675.csv,0.04016542434692383
099_WSD_id_71_WebService_tr_4559_1st_14411.csv,0.038055419921875
100_WSD_id_72_WebService_tr_4559_1st_10254.csv,0.038056135177612305
101_WSD_id_73_WebService_tr_1513_1st_1613.csv,0.05120491981506348
102_WSD_id_74_WebService_tr_3306_1st_3639.csv,0.027041912078857422
103_WSD_id_75_WebService_tr_1375_1st_1475.csv,0.04893231391906738
104_WSD_id_76_WebService_tr_3047_1st_3147.csv,0.050284624099731445
105_WSD_id_77_WebService_tr_2348_1st_2448.csv,0.051197052001953125
106_WSD_id_78_WebService_tr_3363_1st_3463.csv,0.03901839256286621
107_WSD_id_79_WebService_tr_1095_1st_1195.csv,0.05107903480529785
108_WSD_id_80_WebService_tr_2368_1st_2468.csv,0.05043482780456543
109_WSD_id_81_WebService_tr_3175_1st_3275.csv,0.0394892692565918
110_WSD_id_82_WebService_tr_500_1st_375.csv,0.049306631088256836
111_WSD_id_83_WebService_tr_3934_1st_7531.csv,0.03734993934631348
112_WSD_id_84_WebService_tr_2442_1st_2542.csv,0.05015897750854492
113_WSD_id_85_WebService_tr_500_1st_335.csv,0.0516965389251709
114_WSD_id_86_WebService_tr_500_1st_403.csv,0.05165719985961914
115_WSD_id_87_WebService_tr_2252_1st_2352.csv,0.04826235771179199
116_WSD_id_88_WebService_tr_3934_1st_13861.csv,0.03692126274108887
117_WSD_id_89_WebService_tr_3251_1st_3351.csv,0.03774452209472656
118_WSD_id_90_WebService_tr_4559_1st_6317.csv,0.040168046951293945
119_WSD_id_91_WebService_tr_4559_1st_12353.csv,0.0381007194519043
120_WSD_id_92_WebService_tr_2329_1st_2429.csv,0.05042099952697754
121_WSD_id_93_WebService_tr_4559_1st_11749.csv,0.03833603858947754
122_WSD_id_94_WebService_tr_4559_1st_8618.csv,0.03897213935852051
123_WSD_id_95_WebService_tr_4559_1st_4901.csv,0.039678335189819336
124_WSD_id_96_WebService_tr_4559_1st_14350.csv,0.03787040710449219
125_WSD_id_97_WebService_tr_2217_1st_2317.csv,0.04833412170410156
126_WSD_id_98_WebService_tr_657_1st_757.csv,0.0496213436126709
127_WSD_id_99_WebService_tr_1164_1st_1264.csv,0.05094456672668457
128_WSD_id_100_WebService_tr_4068_1st_4168.csv,0.03840899467468262
129_WSD_id_101_WebService_tr_4448_1st_9592.csv,0.038001060485839844
130_WSD_id_102_WebService_tr_2362_1st_2462.csv,0.04826211929321289
131_WSD_id_103_WebService_tr_4573_1st_7021.csv,0.04038739204406738
132_WSD_id_104_WebService_tr_4037_1st_4137.csv,0.03803229331970215
133_WSD_id_105_WebService_tr_3934_1st_5937.csv,0.03754544258117676
134_WSD_id_106_WebService_tr_4559_1st_7990.csv,0.038240909576416016
135_WSD_id_107_WebService_tr_3779_1st_3879.csv,0.03708338737487793
136_WSD_id_108_WebService_tr_3414_1st_3514.csv,0.03878474235534668
137_WSD_id_109_WebService_tr_4559_1st_14404.csv,0.038292884826660156
138_WSD_id_110_WebService_tr_4584_1st_6039.csv,0.0383913516998291
139_WSD_id_111_WebService_tr_1701_1st_1801.csv,0.0484921932220459
149_Stock_id_1_Finance_tr_500_1st_7.csv,0.0512850284576416
150_Stock_id_2_Finance_tr_500_1st_7.csv,0.026969432830810547
151_Stock_id_3_Finance_tr_500_1st_62.csv,0.027193546295166016
152_Stock_id_4_Finance_tr_500_1st_2.csv,0.05096554756164551
153_Stock_id_5_Finance_tr_500_1st_1.csv,0.026755094528198242
154_Stock_id_6_Finance_tr_500_1st_38.csv,0.05055594444274902
155_Stock_id_7_Finance_tr_500_1st_18.csv,0.051518917083740234
156_Stock_id_8_Finance_tr_500_1st_24.csv,0.027134180068969727
157_Stock_id_9_Finance_tr_500_1st_19.csv,0.027115821838378906
158_Stock_id_10_Finance_tr_500_1st_2.csv,0.05111336708068848
159_Stock_id_11_Finance_tr_500_1st_5.csv,0.05056357383728027
160_Stock_id_12_Finance_tr_500_1st_14.csv,0.05087900161743164
161_Stock_id_13_Finance_tr_500_1st_3.csv,0.026914596557617188
162_Stock_id_14_Finance_tr_500_1st_4.csv,0.02700948715209961
163_Stock_id_15_Finance_tr_500_1st_3.csv,0.02771472930908203
164_Stock_id_16_Finance_tr_500_1st_8.csv,0.05079960823059082
165_Stock_id_17_Finance_tr_500_1st_7.csv,0.05036592483520508
166_Stock_id_18_Finance_tr_500_1st_18.csv,0.050548553466796875
167_Stock_id_19_Finance_tr_500_1st_7.csv,0.026870250701904297
168_Stock_id_20_Finance_tr_500_1st_1.csv,0.026846647262573242
225_MGAB_id_1_Synthetic_tr_25000_1st_38478.csv,0.19550085067749023
226_MGAB_id_2_Synthetic_tr_20000_1st_45134.csv,0.15430545806884766
227_MGAB_id_3_Synthetic_tr_25000_1st_44340.csv,0.19046831130981445
228_MGAB_id_4_Synthetic_tr_25000_1st_38948.csv,0.1919097900390625
229_MGAB_id_5_Synthetic_tr_25000_1st_33098.csv,0.19378376007080078
230_MGAB_id_6_Synthetic_tr_25000_1st_42441.csv,0.19214868545532227
231_MGAB_id_7_Synthetic_tr_25000_1st_35544.csv,0.19235873222351074
232_MGAB_id_8_Synthetic_tr_25000_1st_32708.csv,0.19190287590026855
233_MGAB_id_9_Synthetic_tr_25000_1st_41300.csv,0.19370436668395996
234_SED_id_1_Medical_tr_3740_1st_3840.csv,0.04818892478942871
235_SED_id_2_Medical_tr_2499_1st_3840.csv,0.02553415298461914
236_SED_id_3_Medical_tr_3740_1st_3840.csv,0.09495282173156738
260_IOPS_id_1_WebService_tr_5000_1st_11804.csv,0.048272132873535156
261_IOPS_id_2_WebService_tr_2178_1st_2278.csv,0.025253772735595703
262_IOPS_id_3_WebService_tr_7028_1st_7128.csv,0.287731409072876
263_IOPS_id_4_WebService_tr_3482_1st_3582.csv,0.35808300971984863
264_IOPS_id_5_WebService_tr_11665_1st_11765.csv,0.11963343620300293
265_IOPS_id_6_WebService_tr_6453_1st_6553.csv,0.29842090606689453
266_IOPS_id_7_WebService_tr_4010_1st_4110.csv,0.21288084983825684
267_IOPS_id_8_WebService_tr_1534_1st_1882.csv,0.014587640762329102
268_IOPS_id_9_WebService_tr_6216_1st_6316.csv,0.062456369400024414
269_IOPS_id_10_WebService_tr_1216_1st_1728.csv,0.014373779296875
270_IOPS_id_11_WebService_tr_5638_1st_5738.csv,0.13725614547729492
271_IOPS_id_12_WebService_tr_500_1st_341.csv,0.026216745376586914
272_IOPS_id_13_WebService_tr_3442_1st_3542.csv,0.35778355598449707
273_IOPS_id_14_WebService_tr_5569_1st_5669.csv,0.3639092445373535
274_IOPS_id_15_WebService_tr_4591_1st_4691.csv,0.35468339920043945
275_IOPS_id_16_WebService_tr_1482_1st_1582.csv,0.025703907012939453
276_IOPS_id_17_WebService_tr_19197_1st_19297.csv,0.17792892456054688
277_NEK_id_1_WebService_tr_500_1st_17.csv,0.01236271858215332
278_NEK_id_2_WebService_tr_500_1st_64.csv,0.012727737426757812
279_NEK_id_3_WebService_tr_500_1st_974.csv,0.012685775756835938
280_NEK_id_4_WebService_tr_500_1st_231.csv,0.012948036193847656
281_NEK_id_5_WebService_tr_500_1st_974.csv,0.012523174285888672
282_NEK_id_6_WebService_tr_500_1st_64.csv,0.012555599212646484
283_NEK_id_7_WebService_tr_500_1st_777.csv,0.012517929077148438
284_NEK_id_8_WebService_tr_500_1st_976.csv,0.012569189071655273
285_NEK_id_9_WebService_tr_500_1st_780.csv,0.01247549057006836
287_TODS_id_1_Synthetic_tr_500_1st_11.csv,0.015253782272338867
288_TODS_id_2_Synthetic_tr_500_1st_65.csv,0.014869213104248047
289_TODS_id_3_Synthetic_tr_500_1st_26.csv,0.014671564102172852
290_TODS_id_4_Synthetic_tr_500_1st_26.csv,0.014721393585205078
291_TODS_id_5_Synthetic_tr_500_1st_11.csv,0.014815568923950195
292_TODS_id_6_Synthetic_tr_500_1st_11.csv,0.01458597183227539
293_TODS_id_7_Synthetic_tr_500_1st_7.csv,0.015176773071289062
294_TODS_id_8_Synthetic_tr_500_1st_200.csv,0.015147924423217773
295_TODS_id_9_Synthetic_tr_1250_1st_2046.csv,0.01487588882446289
296_TODS_id_10_Synthetic_tr_500_1st_26.csv,0.014996767044067383
297_TODS_id_11_Synthetic_tr_500_1st_7.csv,0.014862537384033203
298_TODS_id_12_Synthetic_tr_500_1st_0.csv,0.01514577865600586
299_TODS_id_13_Synthetic_tr_500_1st_65.csv,0.014794111251831055
300_TODS_id_14_Synthetic_tr_1250_1st_2555.csv,0.014470338821411133
301_TODS_id_15_Synthetic_tr_500_1st_245.csv,0.014629602432250977
302_Power_id_1_Facility_tr_7685_1st_7785.csv,0.07572722434997559
303_UCR_id_1_Medical_tr_2499_1st_8000.csv,0.02596282958984375
304_UCR_id_2_Medical_tr_2499_1st_7000.csv,0.026173830032348633
305_UCR_id_3_Medical_tr_3000_1st_5948.csv,0.026741743087768555
306_UCR_id_4_Medical_tr_2507_1st_8500.csv,0.025623798370361328
307_UCR_id_5_Facility_tr_29895_1st_39240.csv,0.22220373153686523
308_UCR_id_6_Facility_tr_20000_1st_56600.csv,0.15543293952941895
309_UCR_id_7_Medical_tr_3000_1st_5948.csv,0.027063846588134766
310_UCR_id_8_HumanActivity_tr_2631_1st_8285.csv,0.0260164737701416
311_UCR_id_9_HumanActivity_tr_16000_1st_38400.csv,0.12127876281738281
312_UCR_id_10_Facility_tr_19948_1st_52000.csv,0.14624285697937012
313_UCR_id_11_Sensor_tr_2827_1st_4711.csv,0.026557207107543945
314_UCR_id_12_HumanActivity_tr_16250_1st_38500.csv,0.12058782577514648
315_UCR_id_13_HumanActivity_tr_16000_1st_33070.csv,0.12103533744812012
316_UCR_id_14_Sensor_tr_2833_1st_5988.csv,0.02678370475769043
317_UCR_id_15_HumanActivity_tr_16000_1st_38400.csv,0.12363958358764648
318_UCR_id_16_Medical_tr_2499_1st_7000.csv,0.025830984115600586
319_UCR_id_17_Environment_tr_6166_1st_19280.csv,0.0508272647857666
320_UCR_id_18_Medical_tr_2500_1st_7000.csv,0.02734971046447754
321_UCR_id_19_Medical_tr_1875_1st_4485.csv,0.02449512481689453
322_UCR_id_20_Facility_tr_7482_1st_24005.csv,0.06348276138305664
323_UCR_id_21_HumanActivity_tr_48812_1st_128430.csv,0.3684508800506592
324_UCR_id_22_Medical_tr_1875_1st_5865.csv,0.02619338035583496
325_UCR_id_23_Medical_tr_3000_1st_6168.csv,0.026831626892089844
326_UCR_id_24_Medical_tr_1875_1st_4187.csv,0.024625062942504883
327_UCR_id_25_Medical_tr_15000_1st_51370.csv,0.11704444885253906
328_UCR_id_26_Medical_tr_1913_1st_3474.csv,0.024846792221069336
329_UCR_id_27_Medical_tr_7500_1st_17210.csv,0.0626063346862793
330_UCR_id_28_Facility_tr_7482_1st_23405.csv,0.061725616455078125
331_UCR_id_29_Facility_tr_50000_1st_837400.csv,1.9538092613220215
332_UCR_id_30_Facility_tr_13750_1st_52600.csv,0.10759139060974121
333_UCR_id_31_Facility_tr_7500_1st_13400.csv,0.06089901924133301
334_UCR_id_32_HumanActivity_tr_1671_1st_2764.csv,0.025145769119262695
335_UCR_id_33_Medical_tr_1875_1st_4526.csv,0.025305509567260742
336_UCR_id_34_Facility_tr_32191_1st_124159.csv,0.24132442474365234
337_UCR_id_35_HumanActivity_tr_50000_1st_110260.csv,0.37909936904907227
338_UCR_id_36_Facility_tr_9000_1st_12400.csv,0.07370448112487793
339_UCR_id_37_Sensor_tr_2750_1st_5400.csv,0.026422739028930664
340_UCR_id_38_Facility_tr_32500_1st_114283.csv,0.24210596084594727
341_UCR_id_39_HumanActivity_tr_48812_1st_128430.csv,0.3739190101623535
342_UCR_id_40_Medical_tr_7500_1st_17000.csv,0.0625147819519043
343_UCR_id_41_Facility_tr_14030_1st_52600.csv,0.10854983329772949
344_UCR_id_42_Sensor_tr_2851_1st_5365.csv,0.02854442596435547
345_UCR_id_43_Facility_tr_25000_1st_44630.csv,0.19253158569335938
346_UCR_id_44_Medical_tr_7456_1st_17390.csv,0.061879634857177734
347_UCR_id_45_Sensor_tr_2851_1st_5365.csv,0.026336193084716797
348_UCR_id_46_Facility_tr_9000_1st_12400.csv,0.07443380355834961
349_UCR_id_47_Facility_tr_29954_1st_74900.csv,0.2273120880126953
350_UCR_id_48_Facility_tr_7482_1st_23405.csv,0.06148791313171387
351_UCR_id_49_Medical_tr_7464_1st_12190.csv,0.061273813247680664
352_UCR_id_50_HumanActivity_tr_48750_1st_110800.csv,0.36707401275634766
353_UCR_id_51_Medical_tr_1875_1st_3198.csv,0.024332761764526367
354_UCR_id_52_Facility_tr_7482_1st_18485.csv,0.061386823654174805
355_UCR_id_53_HumanActivity_tr_48750_1st_143411.csv,0.3697018623352051
356_UCR_id_54_Medical_tr_7500_1st_16000.csv,0.0630035400390625
357_UCR_id_55_Facility_tr_12500_1st_46600.csv,0.09698629379272461
358_UCR_id_56_Facility_tr_10500_1st_29080.csv,0.08596253395080566
359_UCR_id_57_Medical_tr_1913_1st_3474.csv,0.025080442428588867
360_UCR_id_58_Facility_tr_14030_1st_52600.csv,0.10920453071594238
361_UCR_id_59_Medical_tr_3000_1st_7175.csv,0.026864051818847656
362_UCR_id_60_HumanActivity_tr_16000_1st_31200.csv,0.12061381340026855
363_UCR_id_61_Medical_tr_7500_1st_16000.csv,0.061818838119506836
364_UCR_id_62_Sensor_tr_2833_1st_5988.csv,0.026395320892333984
365_UCR_id_63_Facility_tr_50000_1st_210720.csv,0.6081514358520508
366_UCR_id_64_Medical_tr_2507_1st_8500.csv,0.02634286880493164
367_UCR_id_65_Medical_tr_9567_1st_16000.csv,0.07487821578979492
368_UCR_id_66_Facility_tr_50000_1st_125720.csv,0.6145949363708496
369_UCR_id_67_Sensor_tr_2750_1st_5400.csv,0.02892899513244629
370_UCR_id_68_Medical_tr_9625_1st_12240.csv,0.07449626922607422
371_UCR_id_69_Medical_tr_1853_1st_6200.csv,0.02532339096069336
372_UCR_id_70_Medical_tr_7500_1st_17000.csv,0.06290078163146973
373_UCR_id_71_Sensor_tr_2827_1st_5988.csv,0.02816295623779297
374_UCR_id_72_Medical_tr_2500_1st_7000.csv,0.026140928268432617
375_UCR_id_73_Medical_tr_47500_1st_123000.csv,0.35010743141174316
376_UCR_id_74_Medical_tr_7500_1st_17210.csv,0.06326746940612793
377_UCR_id_75_Medical_tr_1875_1st_6599.csv,0.026041269302368164
378_UCR_id_76_Medical_tr_9594_1st_11111.csv,0.07494640350341797
379_UCR_id_77_Facility_tr_32191_1st_124159.csv,0.24071192741394043
380_UCR_id_78_Medical_tr_1830_1st_4675.csv,0.024860143661499023
381_UCR_id_79_HumanActivity_tr_16000_1st_31200.csv,0.12066364288330078
382_UCR_id_80_Medical_tr_7500_1st_11800.csv,0.0627434253692627
383_UCR_id_81_Medical_tr_1875_1st_3198.csv,0.025162220001220703
384_UCR_id_82_Facility_tr_50000_1st_884100.csv,1.9557976722717285
385_UCR_id_83_Environment_tr_2046_1st_6006.csv,0.02608489990234375
386_UCR_id_84_Environment_tr_2046_1st_5703.csv,0.02448296546936035
387_UCR_id_85_Environment_tr_2046_1st_5549.csv,0.024933576583862305
388_UCR_id_86_Facility_tr_17500_1st_23355.csv,0.13251113891601562
389_UCR_id_87_Facility_tr_7482_1st_18485.csv,0.06160593032836914
390_UCR_id_88_Medical_tr_7500_1st_17000.csv,0.0639030933380127
391_UCR_id_89_Medical_tr_1875_1st_5759.csv,0.02448749542236328
392_UCR_id_90_HumanActivity_tr_48750_1st_130700.csv,0.3660564422607422
393_UCR_id_91_Environment_tr_2046_1st_4852.csv,0.026478052139282227
394_UCR_id_92_Medical_tr_9967_1st_28995.csv,0.07510137557983398
395_UCR_id_93_Medical_tr_7516_1st_17390.csv,0.06263208389282227
396_UCR_id_94_Medical_tr_1875_1st_5607.csv,0.025250911712646484
397_UCR_id_95_Medical_tr_1830_1st_4675.csv,0.02475905418395996
398_UCR_id_96_Medical_tr_1913_1st_3474.csv,0.02530384063720703
399_UCR_id_97_Facility_tr_19948_1st_52000.csv,0.1456131935119629
400_UCR_id_98_Environment_tr_2046_1st_5391.csv,0.02506732940673828
401_UCR_id_99_HumanActivity_tr_1671_1st_5920.csv,0.024577617645263672
402_UCR_id_100_Medical_tr_7500_1st_19510.csv,0.06287646293640137
403_UCR_id_101_Medical_tr_1875_1st_4187.csv,0.024550199508666992
404_UCR_id_102_Facility_tr_13750_1st_52600.csv,0.10774469375610352
405_UCR_id_103_Sensor_tr_2827_1st_5988.csv,0.026615619659423828
406_UCR_id_104_Facility_tr_20000_1st_67950.csv,0.1569352149963379
407_UCR_id_105_Medical_tr_7500_1st_16900.csv,0.06129741668701172
408_UCR_id_106_Medical_tr_9594_1st_11111.csv,0.07336568832397461
409_UCR_id_107_Facility_tr_20000_1st_67950.csv,0.15335845947265625
410_UCR_id_108_Medical_tr_1875_1st_4187.csv,0.024326086044311523
411_UCR_id_109_Environment_tr_2046_1st_4852.csv,0.02522563934326172
412_UCR_id_110_Medical_tr_7500_1st_16900.csv,0.06264758110046387
413_UCR_id_111_Facility_tr_12500_1st_46600.csv,0.09556794166564941
414_UCR_id_112_HumanActivity_tr_48750_1st_143411.csv,0.36660122871398926
415_UCR_id_113_Medical_tr_3000_1st_8612.csv,0.027111053466796875
416_UCR_id_114_Medical_tr_50000_1st_91200.csv,0.3938724994659424
417_UCR_id_115_Sensor_tr_2750_1st_5400.csv,0.026215076446533203
418_UCR_id_116_Facility_tr_10000_1st_35774.csv,0.08568406105041504
419_UCR_id_117_Facility_tr_3000_1st_6168.csv,0.02728128433227539
420_UCR_id_118_Facility_tr_13750_1st_52600.csv,0.10727453231811523
421_UCR_id_119_HumanActivity_tr_48750_1st_130700.csv,0.3648867607116699
422_UCR_id_120_Facility_tr_50000_1st_150720.csv,0.6084625720977783
423_UCR_id_121_Facility_tr_13750_1st_52600.csv,0.10667800903320312
424_UCR_id_122_Medical_tr_7464_1st_12190.csv,0.06259417533874512
425_UCR_id_123_Medical_tr_16700_1st_16800.csv,0.4502272605895996
426_UCR_id_124_Sensor_tr_2827_1st_4711.csv,0.028332233428955078
427_UCR_id_125_Medical_tr_10403_1st_10995.csv,0.08574414253234863
428_UCR_id_126_Medical_tr_7487_1st_27862.csv,0.06427621841430664
429_UCR_id_127_Medical_tr_14825_1st_29000.csv,0.10963940620422363
430_UCR_id_128_HumanActivity_tr_12500_1st_46500.csv,0.10046076774597168
431_UCR_id_129_Facility_tr_32500_1st_114283.csv,0.24101996421813965
432_UCR_id_130_Facility_tr_23000_1st_26970.csv,0.17101097106933594
433_UCR_id_131_Facility_tr_50000_1st_106720.csv,0.6085264682769775
434_UCR_id_132_Medical_tr_14750_1st_57530.csv,0.11103129386901855
435_UCR_id_133_Medical_tr_14750_1st_47830.csv,0.10843348503112793
436_UCR_id_134_Medical_tr_1875_1st_4526.csv,0.02419281005859375
437_UCR_id_135_Medical_tr_2499_1st_8000.csv,0.02506232261657715
438_UCR_id_136_Medical_tr_14750_1st_57960.csv,0.11224770545959473
439_UCR_id_137_HumanActivity_tr_48750_1st_110800.csv,0.36985135078430176
440_UCR_id_138_Medical_tr_16700_1st_16800.csv,0.4477653503417969
441_UCR_id_139_Facility_tr_7500_1st_13400.csv,0.061454057693481445
442_UCR_id_140_Medical_tr_1875_1st_4187.csv,0.02440786361694336
443_UCR_id_141_Medical_tr_7456_1st_17390.csv,0.06089496612548828
444_UCR_id_142_Medical_tr_10336_1st_17001.csv,0.0854179859161377
445_UCR_id_143_Environment_tr_6166_1st_19280.csv,0.050520896911621094
446_UCR_id_144_Medical_tr_7500_1st_17000.csv,0.06142711639404297
447_UCR_id_145_Medical_tr_9625_1st_12240.csv,0.07446861267089844
448_UCR_id_146_Facility_tr_7482_1st_23357.csv,0.062452077865600586
449_UCR_id_147_Sensor_tr_2847_1st_9330.csv,0.027033567428588867
450_UCR_id_148_Medical_tr_7500_1st_16900.csv,0.06191110610961914
451_UCR_id_149_Medical_tr_3000_1st_7175.csv,0.026966333389282227
452_UCR_id_150_Facility_tr_10000_1st_35774.csv,0.08358001708984375
453_UCR_id_151_Facility_tr_32000_1st_67995.csv,0.2429039478302002
454_UCR_id_152_Medical_tr_9625_1st_20950.csv,0.07437849044799805
455_UCR_id_153_Facility_tr_50000_1st_163632.csv,0.602372407913208
456_UCR_id_154_Facility_tr_22500_1st_72150.csv,0.1714332103729248
457_UCR_id_155_Medical_tr_49999_1st_143000.csv,0.37420129776000977
458_UCR_id_156_Facility_tr_20000_1st_56600.csv,0.15448760986328125
459_UCR_id_157_HumanActivity_tr_50000_1st_110260.csv,0.3769397735595703
460_UCR_id_158_Medical_tr_7487_1st_27862.csv,0.06277322769165039
461_UCR_id_159_Medical_tr_45096_1st_131200.csv,0.3367326259613037
462_UCR_id_160_Medical_tr_1853_1st_6200.csv,0.0247495174407959
463_UCR_id_161_Environment_tr_2046_1st_6006.csv,0.024777889251708984
464_UCR_id_162_Medical_tr_7487_1st_16390.csv,0.06471419334411621
465_UCR_id_163_HumanActivity_tr_1671_1st_5920.csv,0.024556398391723633
466_UCR_id_164_Medical_tr_1900_1st_5684.csv,0.02499079704284668
467_UCR_id_165_Environment_tr_6166_1st_19280.csv,0.05074620246887207
468_UCR_id_166_Facility_tr_10000_1st_35774.csv,0.0844879150390625
469_UCR_id_167_Medical_tr_1875_1st_4187.csv,0.024591922760009766
470_UCR_id_168_Medical_tr_10447_1st_10998.csv,0.08487391471862793
471_UCR_id_169_Facility_tr_10000_1st_35774.csv,0.08536887168884277
472_UCR_id_170_Facility_tr_32000_1st_67995.csv,0.24067187309265137
473_UCR_id_171_HumanActivity_tr_2617_1st_7290.csv,0.025861501693725586
474_UCR_id_172_Environment_tr_2046_1st_6520.csv,0.024771451950073242
475_UCR_id_173_Medical_tr_3000_1st_8612.csv,0.02661275863647461
476_UCR_id_174_Facility_tr_50000_1st_64632.csv,0.6022562980651855
477_UCR_id_175_Medical_tr_7500_1st_17000.csv,0.06392788887023926
478_UCR_id_176_Medical_tr_7500_1st_17210.csv,0.06244826316833496
479_UCR_id_177_Medical_tr_2000_1st_7000.csv,0.02511143684387207
480_UCR_id_178_Facility_tr_50000_1st_160720.csv,0.603731632232666
481_UCR_id_179_Medical_tr_1900_1st_5684.csv,0.026874065399169922
482_UCR_id_180_Medical_tr_7500_1st_16000.csv,0.06303977966308594
483_UCR_id_181_Medical_tr_2499_1st_6508.csv,0.026096105575561523
484_UCR_id_182_Medical_tr_1875_1st_5759.csv,0.024617910385131836
485_UCR_id_183_Medical_tr_7516_1st_17390.csv,0.06250786781311035
486_UCR_id_184_Medical_tr_1875_1st_5607.csv,0.024533987045288086
487_UCR_id_185_Medical_tr_49938_1st_191200.csv,0.3752431869506836
488_UCR_id_186_Medical_tr_7500_1st_16000.csv,0.0631093978881836
489_UCR_id_187_Medical_tr_1875_1st_4485.csv,0.024199485778808594
490_UCR_id_188_Medical_tr_14750_1st_47530.csv,0.10906839370727539
491_UCR_id_189_Facility_tr_32372_1st_114000.csv,0.24053263664245605
492_UCR_id_190_HumanActivity_tr_12500_1st_46500.csv,0.09637665748596191
493_UCR_id_191_Sensor_tr_2847_1st_9330.csv,0.026704788208007812
494_UCR_id_192_Facility_tr_22500_1st_72150.csv,0.17185544967651367
495_UCR_id_193_Environment_tr_2046_1st_6520.csv,0.024729013442993164
496_UCR_id_194_Environment_tr_2046_1st_5391.csv,0.024658918380737305
497_UCR_id_195_Facility_tr_32372_1st_114000.csv,0.24131345748901367
498_UCR_id_196_Medical_tr_15000_1st_51370.csv,0.11922502517700195
499_UCR_id_197_Environment_tr_2046_1st_5703.csv,0.02482771873474121
500_UCR_id_198_Facility_tr_7482_1st_23357.csv,0.06079602241516113
501_UCR_id_199_Facility_tr_7482_1st_29480.csv,0.06272435188293457
502_UCR_id_200_Medical_tr_7487_1st_16390.csv,0.06626129150390625
503_UCR_id_201_Facility_tr_50000_1st_593450.csv,1.9305469989776611
504_UCR_id_202_Environment_tr_2046_1st_5549.csv,0.025623083114624023
505_UCR_id_203_HumanActivity_tr_16000_1st_33070.csv,0.12195277214050293
506_UCR_id_204_Environment_tr_2046_1st_5549.csv,0.024509906768798828
507_UCR_id_205_HumanActivity_tr_16000_1st_31200.csv,0.12205266952514648
508_UCR_id_206_Medical_tr_9567_1st_16000.csv,0.07341885566711426
509_UCR_id_207_Medical_tr_1875_1st_6599.csv,0.026183605194091797
510_UCR_id_208_Facility_tr_50000_1st_126920.csv,0.6031150817871094
511_UCR_id_209_Medical_tr_7500_1st_11800.csv,0.062458038330078125
512_UCR_id_210_HumanActivity_tr_1671_1st_2764.csv,0.02471780776977539
513_UCR_id_211_Medical_tr_9967_1st_26929.csv,0.07702207565307617
514_UCR_id_212_Medical_tr_2499_1st_6508.csv,0.026529550552368164
515_UCR_id_213_Medical_tr_10499_1st_15000.csv,0.08600425720214844
516_UCR_id_214_HumanActivity_tr_2108_1st_4702.csv,0.025284290313720703
517_UCR_id_215_Facility_tr_7482_1st_24005.csv,0.06120014190673828
518_UCR_id_216_Medical_tr_9625_1st_20950.csv,0.07520031929016113
519_UCR_id_217_Medical_tr_7516_1st_17390.csv,0.06334948539733887
520_UCR_id_218_Medical_tr_9567_1st_16000.csv,0.07411694526672363
521_UCR_id_219_Facility_tr_3000_1st_6527.csv,0.027849674224853516
522_UCR_id_220_Medical_tr_10217_1st_27929.csv,0.0853877067565918
523_UCR_id_221_Facility_tr_3000_1st_6527.csv,0.026819467544555664
524_UCR_id_222_Medical_tr_1875_1st_5865.csv,0.024664878845214844
525_UCR_id_223_Facility_tr_50000_1st_250720.csv,0.5900182723999023
526_UCR_id_224_Sensor_tr_2827_1st_4711.csv,0.026877880096435547
527_UCR_id_225_Medical_tr_3000_1st_5948.csv,0.02703571319580078
528_UCR_id_226_Medical_tr_7500_1st_17000.csv,0.06122589111328125
529_UCR_id_227_Facility_tr_19948_1st_52000.csv,0.1443028450012207
530_UCR_id_228_HumanActivity_tr_16250_1st_38500.csv,0.12062931060791016
551_YAHOO_id_1_Synthetic_tr_500_1st_893.csv,0.012869119644165039
552_YAHOO_id_2_Synthetic_tr_500_1st_893.csv,0.012653827667236328
553_YAHOO_id_3_WebService_tr_500_1st_237.csv,0.012873411178588867
554_YAHOO_id_4_Synthetic_tr_500_1st_658.csv,0.012643575668334961
555_YAHOO_id_5_WebService_tr_500_1st_730.csv,0.014688730239868164
556_YAHOO_id_6_WebService_tr_500_1st_359.csv,0.012575149536132812
557_YAHOO_id_7_WebService_tr_500_1st_770.csv,0.012984991073608398
558_YAHOO_id_8_WebService_tr_500_1st_1125.csv,0.012675285339355469
559_YAHOO_id_9_WebService_tr_500_1st_538.csv,0.012742996215820312
560_YAHOO_id_10_Synthetic_tr_500_1st_893.csv,0.012775421142578125
561_YAHOO_id_11_WebService_tr_500_1st_359.csv,0.012841463088989258
562_YAHOO_id_12_Synthetic_tr_500_1st_893.csv,0.012678146362304688
563_YAHOO_id_13_Synthetic_tr_500_1st_623.csv,0.012908697128295898
564_YAHOO_id_14_Synthetic_tr_500_1st_658.csv,0.013064861297607422
565_YAHOO_id_15_WebService_tr_500_1st_151.csv,0.013247966766357422
566_YAHOO_id_16_Synthetic_tr_500_1st_623.csv,0.012892007827758789
567_YAHOO_id_17_Synthetic_tr_500_1st_893.csv,0.012647390365600586
568_YAHOO_id_18_WebService_tr_500_1st_333.csv,0.01287698745727539
569_YAHOO_id_19_WebService_tr_500_1st_30.csv,0.01282954216003418
570_YAHOO_id_20_Synthetic_tr_500_1st_658.csv,0.013092756271362305
571_YAHOO_id_21_Synthetic_tr_500_1st_623.csv,0.012845993041992188
572_YAHOO_id_22_WebService_tr_500_1st_377.csv,0.012933731079101562
573_YAHOO_id_23_Synthetic_tr_500_1st_623.csv,0.012685775756835938
574_YAHOO_id_24_WebService_tr_500_1st_202.csv,0.012878179550170898
575_YAHOO_id_25_Synthetic_tr_500_1st_623.csv,0.012614011764526367
576_YAHOO_id_26_Synthetic_tr_500_1st_658.csv,0.012705326080322266
577_YAHOO_id_27_WebService_tr_500_1st_498.csv,0.012986183166503906
578_YAHOO_id_28_Synthetic_tr_500_1st_623.csv,0.012692451477050781
579_YAHOO_id_29_WebService_tr_500_1st_1342.csv,0.012785196304321289
580_YAHOO_id_30_WebService_tr_500_1st_236.csv,0.012657880783081055
581_YAHOO_id_31_Synthetic_tr_500_1st_893.csv,0.013078451156616211
582_YAHOO_id_32_Synthetic_tr_500_1st_658.csv,0.012656688690185547
583_YAHOO_id_33_WebService_tr_500_1st_1616.csv,0.012898921966552734
584_YAHOO_id_34_Synthetic_tr_500_1st_658.csv,0.01290130615234375
585_YAHOO_id_35_WebService_tr_500_1st_577.csv,0.012959718704223633
586_YAHOO_id_36_WebService_tr_500_1st_398.csv,0.012880325317382812
587_YAHOO_id_37_Synthetic_tr_500_1st_623.csv,0.012841463088989258
588_YAHOO_id_38_Synthetic_tr_500_1st_658.csv,0.0125885009765625
589_YAHOO_id_39_WebService_tr_500_1st_10.csv,0.012843847274780273
590_YAHOO_id_40_Synthetic_tr_500_1st_658.csv,0.012883186340332031
591_YAHOO_id_41_WebService_tr_500_1st_139.csv,0.012866973876953125
592_YAHOO_id_42_WebService_tr_500_1st_28.csv,0.012874364852905273
593_YAHOO_id_43_WebService_tr_500_1st_75.csv,0.012830018997192383
594_YAHOO_id_44_WebService_tr_500_1st_599.csv,0.01265263557434082
595_YAHOO_id_45_WebService_tr_500_1st_248.csv,0.01273488998413086
596_YAHOO_id_46_WebService_tr_500_1st_666.csv,0.012806892395019531
597_YAHOO_id_47_Synthetic_tr_500_1st_623.csv,0.013091087341308594
598_YAHOO_id_48_Synthetic_tr_500_1st_658.csv,0.012941837310791016
599_YAHOO_id_49_WebService_tr_500_1st_653.csv,0.01291203498840332
600_YAHOO_id_50_Synthetic_tr_500_1st_658.csv,0.012856483459472656
601_YAHOO_id_51_Synthetic_tr_500_1st_893.csv,0.012787103652954102
602_YAHOO_id_52_WebService_tr_500_1st_595.csv,0.012887954711914062
603_YAHOO_id_53_Synthetic_tr_500_1st_893.csv,0.012654781341552734
604_YAHOO_id_54_WebService_tr_500_1st_116.csv,0.013054370880126953
605_YAHOO_id_55_Synthetic_tr_500_1st_893.csv,0.012982368469238281
606_YAHOO_id_56_Synthetic_tr_500_1st_623.csv,0.012663841247558594
607_YAHOO_id_57_WebService_tr_500_1st_426.csv,0.012866973876953125
608_YAHOO_id_58_WebService_tr_500_1st_72.csv,0.012932300567626953
609_YAHOO_id_59_WebService_tr_500_1st_17.csv,0.01298069953918457
610_YAHOO_id_60_WebService_tr_500_1st_878.csv,0.013040304183959961
611_YAHOO_id_61_Synthetic_tr_500_1st_623.csv,0.01279592514038086
612_YAHOO_id_62_WebService_tr_500_1st_97.csv,0.012880802154541016
613_YAHOO_id_63_Synthetic_tr_500_1st_623.csv,0.013027191162109375
614_YAHOO_id_64_WebService_tr_500_1st_1204.csv,0.012852191925048828
615_YAHOO_id_65_WebService_tr_500_1st_348.csv,0.012801885604858398
616_YAHOO_id_66_Synthetic_tr_500_1st_623.csv,0.012759685516357422
617_YAHOO_id_67_Synthetic_tr_500_1st_893.csv,0.012737751007080078
618_YAHOO_id_68_Synthetic_tr_500_1st_893.csv,0.012679815292358398
619_YAHOO_id_69_WebService_tr_500_1st_8.csv,0.012763023376464844
620_YAHOO_id_70_Synthetic_tr_500_1st_658.csv,0.01268315315246582
621_YAHOO_id_71_WebService_tr_500_1st_721.csv,0.013129234313964844
622_YAHOO_id_72_WebService_tr_500_1st_421.csv,0.01295328140258789
623_YAHOO_id_73_WebService_tr_500_1st_117.csv,0.013028860092163086
624_YAHOO_id_74_Synthetic_tr_500_1st_893.csv,0.01257181167602539
625_YAHOO_id_75_Synthetic_tr_500_1st_658.csv,0.012684345245361328
626_YAHOO_id_76_WebService_tr_500_1st_883.csv,0.012631654739379883
627_YAHOO_id_77_Synthetic_tr_500_1st_623.csv,0.013102054595947266
628_YAHOO_id_78_WebService_tr_500_1st_147.csv,0.012812376022338867
629_YAHOO_id_79_WebService_tr_500_1st_222.csv,0.013282537460327148
630_YAHOO_id_80_WebService_tr_500_1st_631.csv,0.013153314590454102
631_YAHOO_id_81_WebService_tr_500_1st_96.csv,0.01276397705078125
632_YAHOO_id_82_Synthetic_tr_500_1st_658.csv,0.01284170150756836
633_YAHOO_id_83_WebService_tr_500_1st_223.csv,0.013377189636230469
634_YAHOO_id_84_Synthetic_tr_500_1st_658.csv,0.013253211975097656
635_YAHOO_id_85_Synthetic_tr_500_1st_658.csv,0.013228416442871094
636_YAHOO_id_86_WebService_tr_500_1st_20.csv,0.01322627067565918
637_YAHOO_id_87_WebService_tr_500_1st_338.csv,0.013288736343383789
638_YAHOO_id_88_Synthetic_tr_500_1st_893.csv,0.01303243637084961
639_YAHOO_id_89_Synthetic_tr_500_1st_893.csv,0.013016939163208008
640_YAHOO_id_90_WebService_tr_500_1st_18.csv,0.012958288192749023
641_YAHOO_id_91_WebService_tr_500_1st_149.csv,0.01330709457397461
642_YAHOO_id_92_WebService_tr_500_1st_433.csv,0.01306772232055664
643_YAHOO_id_93_WebService_tr_500_1st_1038.csv,0.013341426849365234
644_YAHOO_id_94_WebService_tr_500_1st_1078.csv,0.013044118881225586
645_YAHOO_id_95_WebService_tr_500_1st_1047.csv,0.012796640396118164
646_YAHOO_id_96_WebService_tr_500_1st_121.csv,0.01285099983215332
647_YAHOO_id_97_Synthetic_tr_500_1st_658.csv,0.013390779495239258
648_YAHOO_id_98_WebService_tr_500_1st_731.csv,0.012880086898803711
649_YAHOO_id_99_WebService_tr_500_1st_1386.csv,0.013047933578491211
650_YAHOO_id_100_Synthetic_tr_500_1st_623.csv,0.012939691543579102
651_YAHOO_id_101_WebService_tr_500_1st_103.csv,0.013341426849365234
652_YAHOO_id_102_WebService_tr_500_1st_174.csv,0.013086557388305664
653_YAHOO_id_103_WebService_tr_500_1st_443.csv,0.013126134872436523
654_YAHOO_id_104_WebService_tr_500_1st_20.csv,0.012904882431030273
655_YAHOO_id_105_WebService_tr_500_1st_17.csv,0.013144254684448242
656_YAHOO_id_106_Synthetic_tr_500_1st_658.csv,0.012622594833374023
657_YAHOO_id_107_WebService_tr_500_1st_1260.csv,0.01351308822631836
658_YAHOO_id_108_Synthetic_tr_500_1st_893.csv,0.01316690444946289
659_YAHOO_id_109_Synthetic_tr_500_1st_623.csv,0.013307571411132812
660_YAHOO_id_110_WebService_tr_500_1st_307.csv,0.013051033020019531
661_YAHOO_id_111_WebService_tr_500_1st_279.csv,0.012744426727294922
662_YAHOO_id_112_WebService_tr_500_1st_361.csv,0.013987302780151367
663_YAHOO_id_113_Synthetic_tr_500_1st_658.csv,0.013829708099365234
664_YAHOO_id_114_Synthetic_tr_500_1st_658.csv,0.014446020126342773
665_YAHOO_id_115_WebService_tr_500_1st_28.csv,0.013876199722290039
666_YAHOO_id_116_Synthetic_tr_500_1st_893.csv,0.013827800750732422
667_YAHOO_id_117_WebService_tr_500_1st_421.csv,0.013399362564086914
668_YAHOO_id_118_WebService_tr_500_1st_112.csv,0.013246536254882812
669_YAHOO_id_119_WebService_tr_500_1st_21.csv,0.01294255256652832
670_YAHOO_id_120_WebService_tr_500_1st_221.csv,0.013221502304077148
671_YAHOO_id_121_Synthetic_tr_500_1st_658.csv,0.012985467910766602
672_YAHOO_id_122_WebService_tr_500_1st_857.csv,0.012956380844116211
673_YAHOO_id_123_Synthetic_tr_500_1st_893.csv,0.013023138046264648
674_YAHOO_id_124_WebService_tr_500_1st_514.csv,0.013095378875732422
675_YAHOO_id_125_Synthetic_tr_500_1st_623.csv,0.0130157470703125
676_YAHOO_id_126_Synthetic_tr_500_1st_623.csv,0.012930870056152344
677_YAHOO_id_127_WebService_tr_500_1st_46.csv,0.012866497039794922
678_YAHOO_id_128_WebService_tr_500_1st_665.csv,0.01318502426147461
679_YAHOO_id_129_WebService_tr_500_1st_428.csv,0.013227224349975586
680_YAHOO_id_130_Synthetic_tr_500_1st_893.csv,0.01336979866027832
681_YAHOO_id_131_Synthetic_tr_500_1st_658.csv,0.013226747512817383
682_YAHOO_id_132_WebService_tr_500_1st_354.csv,0.013539552688598633
683_YAHOO_id_133_WebService_tr_500_1st_36.csv,0.013262510299682617
684_YAHOO_id_134_Synthetic_tr_500_1st_623.csv,0.013434171676635742
685_YAHOO_id_135_WebService_tr_500_1st_121.csv,0.01336526870727539
686_YAHOO_id_136_WebService_tr_500_1st_755.csv,0.012949705123901367
687_YAHOO_id_137_WebService_tr_500_1st_89.csv,0.013193607330322266
688_YAHOO_id_138_WebService_tr_500_1st_482.csv,0.013231515884399414
689_YAHOO_id_139_WebService_tr_500_1st_1073.csv,0.013065338134765625
690_YAHOO_id_140_WebService_tr_500_1st_696.csv,0.013240575790405273
691_YAHOO_id_141_WebService_tr_500_1st_57.csv,0.013131141662597656
692_YAHOO_id_142_WebService_tr_500_1st_294.csv,0.013007640838623047
693_YAHOO_id_143_WebService_tr_500_1st_1003.csv,0.013040304183959961
694_YAHOO_id_144_Synthetic_tr_500_1st_658.csv,0.013217926025390625
695_YAHOO_id_145_Synthetic_tr_500_1st_658.csv,0.013021707534790039
696_YAHOO_id_146_Synthetic_tr_500_1st_893.csv,0.013028383255004883
697_YAHOO_id_147_WebService_tr_500_1st_225.csv,0.013195276260375977
698_YAHOO_id_148_WebService_tr_500_1st_186.csv,0.013108491897583008
699_YAHOO_id_149_WebService_tr_500_1st_99.csv,0.013317346572875977
700_YAHOO_id_150_WebService_tr_500_1st_82.csv,0.01332712173461914
701_YAHOO_id_151_Synthetic_tr_500_1st_893.csv,0.013199806213378906
702_YAHOO_id_152_WebService_tr_500_1st_8.csv,0.013135910034179688
703_YAHOO_id_153_Synthetic_tr_500_1st_623.csv,0.01314401626586914
704_YAHOO_id_154_WebService_tr_500_1st_541.csv,0.012839078903198242
705_YAHOO_id_155_WebService_tr_500_1st_1279.csv,0.013056039810180664
706_YAHOO_id_156_WebService_tr_500_1st_201.csv,0.013231992721557617
707_YAHOO_id_157_WebService_tr_500_1st_137.csv,0.013172388076782227
708_YAHOO_id_158_WebService_tr_500_1st_165.csv,0.013303041458129883
709_YAHOO_id_159_WebService_tr_500_1st_481.csv,0.013313531875610352
710_YAHOO_id_160_WebService_tr_500_1st_253.csv,0.013148069381713867
711_YAHOO_id_161_WebService_tr_500_1st_137.csv,0.013267040252685547
712_YAHOO_id_162_WebService_tr_500_1st_88.csv,0.01326441764831543
713_YAHOO_id_163_WebService_tr_500_1st_66.csv,0.014577627182006836
714_YAHOO_id_164_WebService_tr_500_1st_1.csv,0.013143777847290039
715_YAHOO_id_165_Synthetic_tr_500_1st_658.csv,0.013046741485595703
716_YAHOO_id_166_WebService_tr_500_1st_540.csv,0.013524055480957031
717_YAHOO_id_167_WebService_tr_500_1st_84.csv,0.01300191879272461
718_YAHOO_id_168_WebService_tr_500_1st_263.csv,0.012923717498779297
719_YAHOO_id_169_WebService_tr_500_1st_852.csv,0.013274192810058594
720_YAHOO_id_170_WebService_tr_500_1st_3.csv,0.013379812240600586
721_YAHOO_id_171_Synthetic_tr_500_1st_893.csv,0.013087749481201172
722_YAHOO_id_172_WebService_tr_500_1st_353.csv,0.01303863525390625
723_YAHOO_id_173_WebService_tr_500_1st_1214.csv,0.013076066970825195
724_YAHOO_id_174_WebService_tr_500_1st_1030.csv,0.014835834503173828
725_YAHOO_id_175_Synthetic_tr_500_1st_623.csv,0.013905525207519531
726_YAHOO_id_176_WebService_tr_500_1st_221.csv,0.013880729675292969
727_YAHOO_id_177_WebService_tr_500_1st_82.csv,0.014094829559326172
728_YAHOO_id_178_WebService_tr_500_1st_68.csv,0.013550281524658203
729_YAHOO_id_179_WebService_tr_500_1st_559.csv,0.012635946273803711
730_YAHOO_id_180_Synthetic_tr_500_1st_623.csv,0.012766361236572266
731_YAHOO_id_181_Synthetic_tr_500_1st_623.csv,0.013152599334716797
732_YAHOO_id_182_Synthetic_tr_500_1st_658.csv,0.013216257095336914
733_YAHOO_id_183_WebService_tr_500_1st_447.csv,0.012871265411376953
734_YAHOO_id_184_WebService_tr_500_1st_768.csv,0.012785673141479492
735_YAHOO_id_185_WebService_tr_500_1st_20.csv,0.013370275497436523
736_YAHOO_id_186_Synthetic_tr_500_1st_623.csv,0.012955188751220703
737_YAHOO_id_187_WebService_tr_500_1st_230.csv,0.012995719909667969
738_YAHOO_id_188_WebService_tr_500_1st_26.csv,0.013425111770629883
739_YAHOO_id_189_Synthetic_tr_500_1st_893.csv,0.01304936408996582
740_YAHOO_id_190_WebService_tr_500_1st_0.csv,0.013160228729248047
741_YAHOO_id_191_WebService_tr_500_1st_1114.csv,0.013324737548828125
742_YAHOO_id_192_Synthetic_tr_500_1st_658.csv,0.013190984725952148
743_YAHOO_id_193_WebService_tr_500_1st_133.csv,0.013251304626464844
744_YAHOO_id_194_Synthetic_tr_500_1st_658.csv,0.013219594955444336
745_YAHOO_id_195_WebService_tr_500_1st_326.csv,0.013588666915893555
746_YAHOO_id_196_WebService_tr_500_1st_413.csv,0.013195991516113281
747_YAHOO_id_197_Synthetic_tr_500_1st_893.csv,0.013287782669067383
748_YAHOO_id_198_WebService_tr_500_1st_170.csv,0.013475656509399414
749_YAHOO_id_199_WebService_tr_500_1st_136.csv,0.012880086898803711
750_YAHOO_id_200_WebService_tr_500_1st_591.csv,0.012954473495483398
751_YAHOO_id_201_WebService_tr_500_1st_142.csv,0.013193368911743164
752_YAHOO_id_202_WebService_tr_500_1st_95.csv,0.012839317321777344
753_YAHOO_id_203_WebService_tr_500_1st_6.csv,0.012781143188476562
754_YAHOO_id_204_WebService_tr_500_1st_28.csv,0.013402462005615234
755_YAHOO_id_205_Synthetic_tr_500_1st_893.csv,0.012894630432128906
756_YAHOO_id_206_WebService_tr_500_1st_55.csv,0.012927055358886719
757_YAHOO_id_207_WebService_tr_500_1st_33.csv,0.012692451477050781
758_YAHOO_id_208_WebService_tr_500_1st_24.csv,0.013143539428710938
759_YAHOO_id_209_WebService_tr_500_1st_189.csv,0.013163328170776367
760_YAHOO_id_210_WebService_tr_500_1st_23.csv,0.013352394104003906
761_YAHOO_id_211_WebService_tr_500_1st_7.csv,0.013170719146728516
762_YAHOO_id_212_WebService_tr_500_1st_1055.csv,0.012981653213500977
763_YAHOO_id_213_WebService_tr_500_1st_43.csv,0.01323843002319336
764_YAHOO_id_214_WebService_tr_500_1st_599.csv,0.01314544677734375
765_YAHOO_id_215_WebService_tr_500_1st_92.csv,0.013075113296508789
766_YAHOO_id_216_WebService_tr_500_1st_114.csv,0.013065099716186523
767_YAHOO_id_217_Synthetic_tr_500_1st_658.csv,0.01307821273803711
768_YAHOO_id_218_WebService_tr_500_1st_431.csv,0.013160467147827148
769_YAHOO_id_219_WebService_tr_500_1st_205.csv,0.013172149658203125
770_YAHOO_id_220_WebService_tr_500_1st_29.csv,0.013135671615600586
771_YAHOO_id_221_WebService_tr_500_1st_61.csv,0.013242721557617188
772_YAHOO_id_222_WebService_tr_500_1st_85.csv,0.01306009292602539
773_YAHOO_id_223_WebService_tr_500_1st_137.csv,0.012759923934936523
774_YAHOO_id_224_Synthetic_tr_500_1st_623.csv,0.013071537017822266
775_YAHOO_id_225_Synthetic_tr_500_1st_658.csv,0.013310909271240234
776_YAHOO_id_226_Synthetic_tr_500_1st_623.csv,0.012842178344726562
777_YAHOO_id_227_Synthetic_tr_500_1st_623.csv,0.012984991073608398
778_YAHOO_id_228_Synthetic_tr_500_1st_658.csv,0.012824296951293945
779_YAHOO_id_229_WebService_tr_500_1st_25.csv,0.013152360916137695
780_YAHOO_id_230_Synthetic_tr_500_1st_893.csv,0.013130426406860352
781_YAHOO_id_231_Synthetic_tr_500_1st_623.csv,0.013002634048461914
782_YAHOO_id_232_Synthetic_tr_500_1st_623.csv,0.012975692749023438
783_YAHOO_id_233_WebService_tr_500_1st_24.csv,0.013032913208007812
784_YAHOO_id_234_Synthetic_tr_500_1st_623.csv,0.013239145278930664
785_YAHOO_id_235_Synthetic_tr_500_1st_658.csv,0.013043403625488281
786_YAHOO_id_236_Synthetic_tr_500_1st_623.csv,0.01301121711730957
787_YAHOO_id_237_Synthetic_tr_500_1st_623.csv,0.012887239456176758
788_YAHOO_id_238_WebService_tr_500_1st_973.csv,0.013071775436401367
789_YAHOO_id_239_WebService_tr_500_1st_421.csv,0.012967586517333984
790_YAHOO_id_240_WebService_tr_500_1st_119.csv,0.013293027877807617
791_YAHOO_id_241_WebService_tr_500_1st_593.csv,0.013212203979492188
792_YAHOO_id_242_Synthetic_tr_500_1st_893.csv,0.012690305709838867
793_YAHOO_id_243_WebService_tr_500_1st_28.csv,0.013262271881103516
794_YAHOO_id_244_Synthetic_tr_500_1st_658.csv,0.012958049774169922
795_YAHOO_id_245_WebService_tr_500_1st_84.csv,0.013304948806762695
796_YAHOO_id_246_WebService_tr_500_1st_222.csv,0.013014554977416992
797_YAHOO_id_247_Synthetic_tr_500_1st_893.csv,0.01302337646484375
798_YAHOO_id_248_WebService_tr_500_1st_105.csv,0.013131856918334961
799_YAHOO_id_249_WebService_tr_500_1st_852.csv,0.013134479522705078
800_YAHOO_id_250_Synthetic_tr_500_1st_623.csv,0.013165950775146484
801_YAHOO_id_251_WebService_tr_500_1st_190.csv,0.013253927230834961
802_YAHOO_id_252_WebService_tr_500_1st_63.csv,0.01330113410949707
803_YAHOO_id_253_WebService_tr_500_1st_58.csv,0.012973546981811523
804_YAHOO_id_254_WebService_tr_500_1st_420.csv,0.012772560119628906
805_YAHOO_id_255_WebService_tr_500_1st_95.csv,0.013312101364135742
806_YAHOO_id_256_Synthetic_tr_500_1st_893.csv,0.013183832168579102
807_YAHOO_id_257_WebService_tr_500_1st_1210.csv,0.013070344924926758
808_YAHOO_id_258_WebService_tr_500_1st_142.csv,0.012754440307617188
809_YAHOO_id_259_WebService_tr_500_1st_123.csv,0.013231515884399414
